episode,reward,moving_average_100
1,-91.0,-91.0
2,-200.0,-145.5
3,-200.0,-163.66666666666666
4,-200.0,-172.75
5,-200.0,-178.2
6,-200.0,-181.83333333333334
7,-198.0,-184.14285714285714
8,-200.0,-186.125
9,-200.0,-187.66666666666666
10,-200.0,-188.9
11,-200.0,-189.9090909090909
12,-200.0,-190.75
13,-200.0,-191.46153846153845
14,-200.0,-192.07142857142858
15,-200.0,-192.6
16,-200.0,-193.0625
17,-156.0,-190.88235294117646
18,-200.0,-191.38888888888889
19,-200.0,-191.8421052631579
20,-200.0,-192.25
21,-200.0,-192.61904761904762
22,-200.0,-192.95454545454547
23,-200.0,-193.2608695652174
24,-178.0,-192.625
25,-200.0,-192.92
26,-145.0,-191.07692307692307
27,-200.0,-191.40740740740742
28,-200.0,-191.71428571428572
29,-200.0,-192.0
30,-200.0,-192.26666666666668
31,-200.0,-192.51612903225808
32,-200.0,-192.75
33,-200.0,-192.96969696969697
34,-200.0,-193.1764705882353
35,-200.0,-193.37142857142857
36,-200.0,-193.55555555555554
37,-200.0,-193.72972972972974
38,-200.0,-193.89473684210526
39,-200.0,-194.05128205128204
40,-200.0,-194.2
41,-200.0,-194.34146341463415
42,-200.0,-194.47619047619048
43,-200.0,-194.6046511627907
44,-177.0,-194.20454545454547
45,-200.0,-194.33333333333334
46,-200.0,-194.45652173913044
47,-200.0,-194.5744680851064
48,-200.0,-194.6875
49,-200.0,-194.79591836734693
50,-200.0,-194.9
51,-200.0,-195.0
52,-200.0,-195.09615384615384
53,-200.0,-195.18867924528303
54,-200.0,-195.27777777777777
55,-200.0,-195.36363636363637
56,-200.0,-195.44642857142858
57,-200.0,-195.52631578947367
58,-200.0,-195.60344827586206
59,-136.0,-194.59322033898306
60,-200.0,-194.68333333333334
61,-167.0,-194.2295081967213
62,-200.0,-194.32258064516128
63,-200.0,-194.4126984126984
64,-146.0,-193.65625
65,-200.0,-193.75384615384615
66,-200.0,-193.84848484848484
67,-154.0,-193.2537313432836
68,-200.0,-193.35294117647058
69,-200.0,-193.44927536231884
70,-195.0,-193.47142857142856
71,-200.0,-193.56338028169014
72,-200.0,-193.65277777777777
73,-200.0,-193.73972602739727
74,-187.0,-193.64864864864865
75,-200.0,-193.73333333333332
76,-155.0,-193.22368421052633
77,-200.0,-193.3116883116883
78,-200.0,-193.39743589743588
79,-200.0,-193.48101265822785
80,-200.0,-193.5625
81,-200.0,-193.64197530864197
82,-144.0,-193.03658536585365
83,-142.0,-192.42168674698794
84,-200.0,-192.51190476190476
85,-200.0,-192.6
86,-200.0,-192.6860465116279
87,-200.0,-192.77011494252875
88,-200.0,-192.85227272727272
89,-200.0,-192.93258426966293
90,-200.0,-193.01111111111112
91,-200.0,-193.0879120879121
92,-200.0,-193.16304347826087
93,-200.0,-193.23655913978496
94,-200.0,-193.30851063829786
95,-200.0,-193.37894736842105
96,-200.0,-193.44791666666666
97,-200.0,-193.51546391752578
98,-200.0,-193.58163265306123
99,-141.0,-193.05050505050505
100,-200.0,-193.12
101,-174.0,-193.95
102,-200.0,-193.95
103,-200.0,-193.95
104,-163.0,-193.58
105,-200.0,-193.58
106,-200.0,-193.58
107,-93.0,-192.53
108,-197.0,-192.5
109,-200.0,-192.5
110,-141.0,-191.91
111,-200.0,-191.91
112,-200.0,-191.91
113,-200.0,-191.91
114,-200.0,-191.91
115,-200.0,-191.91
116,-200.0,-191.91
117,-200.0,-192.35
118,-200.0,-192.35
119,-200.0,-192.35
120,-199.0,-192.34
121,-200.0,-192.34
122,-200.0,-192.34
123,-200.0,-192.34
124,-200.0,-192.56
125,-200.0,-192.56
126,-200.0,-193.11
127,-200.0,-193.11
128,-200.0,-193.11
129,-198.0,-193.09
130,-200.0,-193.09
131,-200.0,-193.09
132,-200.0,-193.09
133,-200.0,-193.09
134,-200.0,-193.09
135,-200.0,-193.09
136,-165.0,-192.74
137,-167.0,-192.41
138,-200.0,-192.41
139,-200.0,-192.41
140,-200.0,-192.41
141,-200.0,-192.41
142,-200.0,-192.41
143,-200.0,-192.41
144,-200.0,-192.64
145,-169.0,-192.33
146,-200.0,-192.33
147,-189.0,-192.22
148,-200.0,-192.22
149,-200.0,-192.22
150,-200.0,-192.22
151,-200.0,-192.22
152,-200.0,-192.22
153,-200.0,-192.22
154,-200.0,-192.22
155,-200.0,-192.22
156,-200.0,-192.22
157,-200.0,-192.22
158,-184.0,-192.06
159,-200.0,-192.7
160,-200.0,-192.7
161,-200.0,-193.03
162,-200.0,-193.03
163,-200.0,-193.03
164,-200.0,-193.57
165,-200.0,-193.57
166,-200.0,-193.57
167,-200.0,-194.03
168,-200.0,-194.03
169,-200.0,-194.03
170,-200.0,-194.08
171,-200.0,-194.08
172,-200.0,-194.08
173,-200.0,-194.08
174,-200.0,-194.21
175,-200.0,-194.21
176,-138.0,-194.04
177,-200.0,-194.04
178,-200.0,-194.04
179,-200.0,-194.04
180,-200.0,-194.04
181,-200.0,-194.04
182,-200.0,-194.6
183,-200.0,-195.18
184,-200.0,-195.18
185,-200.0,-195.18
186,-200.0,-195.18
187,-200.0,-195.18
188,-200.0,-195.18
189,-200.0,-195.18
190,-200.0,-195.18
191,-200.0,-195.18
192,-200.0,-195.18
193,-200.0,-195.18
194,-200.0,-195.18
195,-200.0,-195.18
196,-200.0,-195.18
197,-200.0,-195.18
198,-200.0,-195.18
199,-200.0,-195.77
200,-200.0,-195.77
201,-200.0,-196.03
202,-137.0,-195.4
203,-200.0,-195.4
204,-200.0,-195.77
205,-200.0,-195.77
206,-200.0,-195.77
207,-190.0,-196.74
208,-181.0,-196.58
209,-200.0,-196.58
210,-200.0,-197.17
211,-200.0,-197.17
212,-166.0,-196.83
213,-200.0,-196.83
214,-164.0,-196.47
215,-200.0,-196.47
216,-200.0,-196.47
217,-200.0,-196.47
218,-200.0,-196.47
219,-122.0,-195.69
220,-200.0,-195.7
221,-200.0,-195.7
222,-124.0,-194.94
223,-200.0,-194.94
224,-200.0,-194.94
225,-200.0,-194.94
226,-200.0,-194.94
227,-200.0,-194.94
228,-200.0,-194.94
229,-200.0,-194.96
230,-200.0,-194.96
231,-200.0,-194.96
232,-200.0,-194.96
233,-200.0,-194.96
234,-200.0,-194.96
235,-200.0,-194.96
236,-200.0,-195.31
237,-200.0,-195.64
238,-200.0,-195.64
239,-200.0,-195.64
240,-200.0,-195.64
241,-200.0,-195.64
242,-200.0,-195.64
243,-200.0,-195.64
244,-200.0,-195.64
245,-200.0,-195.95
246,-200.0,-195.95
247,-200.0,-196.06
248,-200.0,-196.06
249,-119.0,-195.25
250,-200.0,-195.25
251,-200.0,-195.25
252,-200.0,-195.25
253,-200.0,-195.25
254,-200.0,-195.25
255,-200.0,-195.25
256,-200.0,-195.25
257,-200.0,-195.25
258,-200.0,-195.41
259,-200.0,-195.41
260,-200.0,-195.41
261,-200.0,-195.41
262,-200.0,-195.41
263,-150.0,-194.91
264,-200.0,-194.91
265,-200.0,-194.91
266,-160.0,-194.51
267,-188.0,-194.39
268,-141.0,-193.8
269,-146.0,-193.26
270,-200.0,-193.26
271,-200.0,-193.26
272,-200.0,-193.26
273,-200.0,-193.26
274,-200.0,-193.26
275,-200.0,-193.26
276,-200.0,-193.88
277,-200.0,-193.88
278,-200.0,-193.88
279,-200.0,-193.88
280,-200.0,-193.88
281,-200.0,-193.88
282,-200.0,-193.88
283,-200.0,-193.88
284,-200.0,-193.88
285,-165.0,-193.53
286,-200.0,-193.53
287,-126.0,-192.79
288,-200.0,-192.79
289,-200.0,-192.79
290,-200.0,-192.79
291,-200.0,-192.79
292,-200.0,-192.79
293,-200.0,-192.79
294,-200.0,-192.79
295,-173.0,-192.52
296,-200.0,-192.52
297,-200.0,-192.52
298,-200.0,-192.52
299,-200.0,-192.52
300,-149.0,-192.01
301,-200.0,-192.01
302,-200.0,-192.64
303,-200.0,-192.64
304,-200.0,-192.64
305,-200.0,-192.64
306,-200.0,-192.64
307,-165.0,-192.39
308,-200.0,-192.58
309,-200.0,-192.58
310,-200.0,-192.58
311,-200.0,-192.58
312,-200.0,-192.92
313,-200.0,-192.92
314,-190.0,-193.18
315,-153.0,-192.71
316,-200.0,-192.71
317,-200.0,-192.71
318,-200.0,-192.71
319,-119.0,-192.68
320,-200.0,-192.68
321,-200.0,-192.68
322,-200.0,-193.44
323,-200.0,-193.44
324,-200.0,-193.44
325,-200.0,-193.44
326,-200.0,-193.44
327,-200.0,-193.44
328,-200.0,-193.44
329,-200.0,-193.44
330,-173.0,-193.17
331,-158.0,-192.75
332,-200.0,-192.75
333,-200.0,-192.75
334,-200.0,-192.75
335,-200.0,-192.75
336,-200.0,-192.75
337,-200.0,-192.75
338,-200.0,-192.75
339,-200.0,-192.75
340,-200.0,-192.75
341,-200.0,-192.75
342,-200.0,-192.75
343,-200.0,-192.75
344,-193.0,-192.68
345,-200.0,-192.68
346,-200.0,-192.68
347,-200.0,-192.68
348,-174.0,-192.42
349,-197.0,-193.2
350,-200.0,-193.2
351,-200.0,-193.2
352,-157.0,-192.77
353,-200.0,-192.77
354,-200.0,-192.77
355,-200.0,-192.77
356,-200.0,-192.77
357,-200.0,-192.77
358,-200.0,-192.77
359,-166.0,-192.43
360,-200.0,-192.43
361,-200.0,-192.43
362,-200.0,-192.43
363,-200.0,-192.93
364,-161.0,-192.54
365,-200.0,-192.54
366,-200.0,-192.94
367,-200.0,-193.06
368,-200.0,-193.65
369,-200.0,-194.19
370,-200.0,-194.19
371,-200.0,-194.19
372,-200.0,-194.19
373,-200.0,-194.19
374,-200.0,-194.19
375,-200.0,-194.19
376,-200.0,-194.19
377,-200.0,-194.19
378,-200.0,-194.19
379,-200.0,-194.19
380,-200.0,-194.19
381,-200.0,-194.19
382,-200.0,-194.19
383,-200.0,-194.19
384,-200.0,-194.19
385,-200.0,-194.54
386,-200.0,-194.54
387,-200.0,-195.28
388,-200.0,-195.28
389,-200.0,-195.28
390,-200.0,-195.28
391,-200.0,-195.28
392,-168.0,-194.96
393,-200.0,-194.96
394,-200.0,-194.96
395,-170.0,-194.93
396,-200.0,-194.93
397,-200.0,-194.93
398,-200.0,-194.93
399,-179.0,-194.72
400,-153.0,-194.76
401,-200.0,-194.76
402,-200.0,-194.76
403,-200.0,-194.76
404,-200.0,-194.76
405,-171.0,-194.47
406,-200.0,-194.47
407,-200.0,-194.82
408,-189.0,-194.71
409,-200.0,-194.71
410,-200.0,-194.71
411,-200.0,-194.71
412,-157.0,-194.28
413,-200.0,-194.28
414,-200.0,-194.38
415,-200.0,-194.85
416,-200.0,-194.85
417,-200.0,-194.85
418,-200.0,-194.85
419,-200.0,-195.66
420,-200.0,-195.66
421,-200.0,-195.66
422,-175.0,-195.41
423,-200.0,-195.41
424,-200.0,-195.41
425,-200.0,-195.41
426,-200.0,-195.41
427,-200.0,-195.41
428,-166.0,-195.07
429,-200.0,-195.07
430,-200.0,-195.34
431,-200.0,-195.76
432,-200.0,-195.76
433,-200.0,-195.76
434,-200.0,-195.76
435,-200.0,-195.76
436,-200.0,-195.76
437,-174.0,-195.5
438,-200.0,-195.5
439,-200.0,-195.5
440,-200.0,-195.5
441,-197.0,-195.47
442,-200.0,-195.47
443,-200.0,-195.47
444,-200.0,-195.54
445,-200.0,-195.54
446,-200.0,-195.54
447,-200.0,-195.54
448,-200.0,-195.8
449,-200.0,-195.83
450,-200.0,-195.83
451,-200.0,-195.83
452,-200.0,-196.26
453,-200.0,-196.26
454,-200.0,-196.26
455,-200.0,-196.26
456,-115.0,-195.41
457,-122.0,-194.63
458,-200.0,-194.63
459,-200.0,-194.97
460,-200.0,-194.97
461,-200.0,-194.97
462,-200.0,-194.97
463,-200.0,-194.97
464,-185.0,-195.21
465,-122.0,-194.43
466,-200.0,-194.43
467,-117.0,-193.6
468,-200.0,-193.6
469,-170.0,-193.3
470,-200.0,-193.3
471,-200.0,-193.3
472,-200.0,-193.3
473,-200.0,-193.3
474,-200.0,-193.3
475,-200.0,-193.3
476,-200.0,-193.3
477,-160.0,-192.9
478,-200.0,-192.9
479,-200.0,-192.9
480,-200.0,-192.9
481,-200.0,-192.9
482,-200.0,-192.9
483,-200.0,-192.9
484,-149.0,-192.39
485,-200.0,-192.39
486,-200.0,-192.39
487,-200.0,-192.39
488,-200.0,-192.39
489,-200.0,-192.39
490,-200.0,-192.39
491,-200.0,-192.39
492,-176.0,-192.47
493,-200.0,-192.47
494,-200.0,-192.47
495,-200.0,-192.77
496,-200.0,-192.77
497,-200.0,-192.77
498,-200.0,-192.77
499,-169.0,-192.67
500,-200.0,-193.14
501,-200.0,-193.14
502,-200.0,-193.14
503,-200.0,-193.14
504,-200.0,-193.14
505,-137.0,-192.8
506,-200.0,-192.8
507,-200.0,-192.8
508,-200.0,-192.91
509,-200.0,-192.91
510,-200.0,-192.91
511,-200.0,-192.91
512,-200.0,-193.34
513,-200.0,-193.34
514,-131.0,-192.65
515,-200.0,-192.65
516,-200.0,-192.65
517,-197.0,-192.62
518,-200.0,-192.62
519,-200.0,-192.62
520,-200.0,-192.62
521,-200.0,-192.62
522,-200.0,-192.87
523,-197.0,-192.84
524,-200.0,-192.84
525,-200.0,-192.84
526,-200.0,-192.84
527,-107.0,-191.91
528,-200.0,-192.25
529,-200.0,-192.25
530,-200.0,-192.25
531,-200.0,-192.25
532,-200.0,-192.25
533,-200.0,-192.25
534,-123.0,-191.48
535,-200.0,-191.48
536,-92.0,-190.4
537,-200.0,-190.66
538,-200.0,-190.66
539,-108.0,-189.74
540,-200.0,-189.74
541,-200.0,-189.77
542,-200.0,-189.77
543,-200.0,-189.77
544,-200.0,-189.77
545,-200.0,-189.77
546,-200.0,-189.77
547,-200.0,-189.77
548,-200.0,-189.77
549,-200.0,-189.77
550,-200.0,-189.77
551,-200.0,-189.77
552,-200.0,-189.77
553,-175.0,-189.52
554,-200.0,-189.52
555,-200.0,-189.52
556,-200.0,-190.37
557,-200.0,-191.15
558,-185.0,-191.0
559,-200.0,-191.0
560,-200.0,-191.0
561,-200.0,-191.0
562,-200.0,-191.0
563,-200.0,-191.0
564,-200.0,-191.15
565,-200.0,-191.93
566,-200.0,-191.93
567,-200.0,-192.76
568,-200.0,-192.76
569,-200.0,-193.06
570,-200.0,-193.06
571,-138.0,-192.44
572,-200.0,-192.44
573,-200.0,-192.44
574,-174.0,-192.18
575,-200.0,-192.18
576,-200.0,-192.18
577,-157.0,-192.15
578,-200.0,-192.15
579,-200.0,-192.15
580,-158.0,-191.73
581,-200.0,-191.73
582,-200.0,-191.73
583,-200.0,-191.73
584,-200.0,-192.24
585,-178.0,-192.02
586,-200.0,-192.02
587,-200.0,-192.02
588,-200.0,-192.02
589,-200.0,-192.02
590,-200.0,-192.02
591,-183.0,-191.85
592,-200.0,-192.09
593,-200.0,-192.09
594,-200.0,-192.09
595,-200.0,-192.09
596,-168.0,-191.77
597,-200.0,-191.77
598,-200.0,-191.77
599,-200.0,-192.08
600,-200.0,-192.08
601,-200.0,-192.08
602,-200.0,-192.08
603,-168.0,-191.76
604,-200.0,-191.76
605,-200.0,-192.39
606,-200.0,-192.39
607,-182.0,-192.21
608,-189.0,-192.1
609,-163.0,-191.73
610,-200.0,-191.73
611,-200.0,-191.73
612,-200.0,-191.73
613,-200.0,-191.73
614,-200.0,-192.42
615,-200.0,-192.42
616,-200.0,-192.42
617,-200.0,-192.45
618,-200.0,-192.45
619,-200.0,-192.45
620,-200.0,-192.45
621,-200.0,-192.45
622,-160.0,-192.05
623,-200.0,-192.08
624,-200.0,-192.08
625,-200.0,-192.08
626,-200.0,-192.08
627,-179.0,-192.8
628,-200.0,-192.8
629,-200.0,-192.8
630,-176.0,-192.56
631,-200.0,-192.56
632,-200.0,-192.56
633,-200.0,-192.56
634,-200.0,-193.33
635,-200.0,-193.33
636,-200.0,-194.41
637,-200.0,-194.41
638,-177.0,-194.18
639,-200.0,-195.1
640,-200.0,-195.1
641,-200.0,-195.1
642,-200.0,-195.1
643,-200.0,-195.1
644,-158.0,-194.68
645,-200.0,-194.68
646,-187.0,-194.55
647,-200.0,-194.55
648,-193.0,-194.48
649,-131.0,-193.79
650,-198.0,-193.77
651,-200.0,-193.77
652,-166.0,-193.43
653,-200.0,-193.68
654,-200.0,-193.68
655,-159.0,-193.27
656,-183.0,-193.1
657,-89.0,-191.99
658,-200.0,-192.14
659,-146.0,-191.6
660,-200.0,-191.6
661,-171.0,-191.31
662,-200.0,-191.31
663,-153.0,-190.84
664,-200.0,-190.84
665,-161.0,-190.45
666,-181.0,-190.26
667,-200.0,-190.26
668,-200.0,-190.26
669,-180.0,-190.06
670,-200.0,-190.06
671,-166.0,-190.34
672,-146.0,-189.8
673,-198.0,-189.78
674,-177.0,-189.81
675,-200.0,-189.81
676,-186.0,-189.67
677,-139.0,-189.49
678,-200.0,-189.49
679,-190.0,-189.39
680,-200.0,-189.81
681,-190.0,-189.71
682,-177.0,-189.48
683,-200.0,-189.48
684,-153.0,-189.01
685,-200.0,-189.23
686,-151.0,-188.74
687,-180.0,-188.54
688,-200.0,-188.54
689,-200.0,-188.54
690,-200.0,-188.54
691,-179.0,-188.5
692,-200.0,-188.5
693,-200.0,-188.5
694,-200.0,-188.5
695,-135.0,-187.85
696,-200.0,-188.17
697,-159.0,-187.76
698,-200.0,-187.76
699,-153.0,-187.29
700,-200.0,-187.29
701,-181.0,-187.1
702,-182.0,-186.92
703,-125.0,-186.49
704,-200.0,-186.49
705,-162.0,-186.11
706,-155.0,-185.66
707,-159.0,-185.43
708,-153.0,-185.07
709,-200.0,-185.44
710,-200.0,-185.44
711,-143.0,-184.87
712,-136.0,-184.23
713,-200.0,-184.23
714,-200.0,-184.23
715,-200.0,-184.23
716,-136.0,-183.59
717,-153.0,-183.12
718,-125.0,-182.37
719,-200.0,-182.37
720,-193.0,-182.3
721,-186.0,-182.16
722,-110.0,-181.66
723,-200.0,-181.66
724,-148.0,-181.14
725,-153.0,-180.67
726,-145.0,-180.12
727,-200.0,-180.33
728,-165.0,-179.98
729,-161.0,-179.59
730,-200.0,-179.83
731,-144.0,-179.27
732,-200.0,-179.27
733,-171.0,-178.98
734,-84.0,-177.82
735,-180.0,-177.62
736,-165.0,-177.27
737,-95.0,-176.22
738,-193.0,-176.38
739,-200.0,-176.38
740,-200.0,-176.38
741,-200.0,-176.38
742,-200.0,-176.38
743,-200.0,-176.38
744,-200.0,-176.8
745,-200.0,-176.8
746,-151.0,-176.44
747,-200.0,-176.44
748,-200.0,-176.51
749,-156.0,-176.76
750,-200.0,-176.78
751,-159.0,-176.37
752,-200.0,-176.71
753,-200.0,-176.71
754,-196.0,-176.67
755,-200.0,-177.08
756,-163.0,-176.88
757,-157.0,-177.56
758,-172.0,-177.28
759,-151.0,-177.33
760,-200.0,-177.33
761,-155.0,-177.17
762,-197.0,-177.14
763,-182.0,-177.43
764,-166.0,-177.09
765,-200.0,-177.48
766,-108.0,-176.75
767,-111.0,-175.86
768,-182.0,-175.68
769,-182.0,-175.7
770,-200.0,-175.7
771,-195.0,-175.99
772,-158.0,-176.11
773,-117.0,-175.3
774,-160.0,-175.13
775,-149.0,-174.62
776,-145.0,-174.21
777,-200.0,-174.82
778,-191.0,-174.73
779,-200.0,-174.83
780,-118.0,-174.01
781,-200.0,-174.11
782,-89.0,-173.23
783,-173.0,-172.96
784,-129.0,-172.72
785,-162.0,-172.34
786,-200.0,-172.83
787,-182.0,-172.85
788,-107.0,-171.92
789,-95.0,-170.87
790,-200.0,-170.87
791,-151.0,-170.59
792,-200.0,-170.59
793,-200.0,-170.59
794,-200.0,-170.59
795,-155.0,-170.79
796,-200.0,-170.79
797,-196.0,-171.16
798,-188.0,-171.04
799,-180.0,-171.31
800,-164.0,-170.95
801,-200.0,-171.14
802,-195.0,-171.27
803,-183.0,-171.85
804,-155.0,-171.4
805,-200.0,-171.78
806,-200.0,-172.23
807,-144.0,-172.08
808,-200.0,-172.55
809,-90.0,-171.45
810,-140.0,-170.85
811,-86.0,-170.28
812,-182.0,-170.74
813,-150.0,-170.24
814,-200.0,-170.24
815,-200.0,-170.24
816,-123.0,-170.11
817,-200.0,-170.58
818,-200.0,-171.33
819,-200.0,-171.33
820,-200.0,-171.4
821,-145.0,-170.99
822,-139.0,-171.28
823,-156.0,-170.84
824,-113.0,-170.49
825,-153.0,-170.49
826,-177.0,-170.81
827,-200.0,-170.81
828,-182.0,-170.98
829,-85.0,-170.22
830,-130.0,-169.52
831,-200.0,-170.08
832,-102.0,-169.1
833,-200.0,-169.39
834,-189.0,-170.44
835,-157.0,-170.21
836,-184.0,-170.4
837,-200.0,-171.45
838,-200.0,-171.52
839,-170.0,-171.22
840,-200.0,-171.22
841,-95.0,-170.17
842,-200.0,-170.17
843,-200.0,-170.17
844,-200.0,-170.17
845,-156.0,-169.73
846,-158.0,-169.8
847,-175.0,-169.55
848,-137.0,-168.92
849,-200.0,-169.36
850,-87.0,-168.23
851,-89.0,-167.53
852,-200.0,-167.53
853,-200.0,-167.53
854,-90.0,-166.47
855,-200.0,-166.47
856,-113.0,-165.97
857,-169.0,-166.09
858,-200.0,-166.37
859,-200.0,-166.86
860,-169.0,-166.55
861,-121.0,-166.21
862,-120.0,-165.44
863,-106.0,-164.68
864,-200.0,-165.02
865,-200.0,-165.02
866,-144.0,-165.38
867,-200.0,-166.27
868,-139.0,-165.84
869,-200.0,-166.02
870,-200.0,-166.02
871,-164.0,-165.71
872,-105.0,-165.18
873,-110.0,-165.11
874,-164.0,-165.15
875,-172.0,-165.38
876,-113.0,-165.06
877,-185.0,-164.91
878,-175.0,-164.75
879,-136.0,-164.11
880,-172.0,-164.65
881,-105.0,-163.7
882,-119.0,-164.0
883,-200.0,-164.27
884,-200.0,-164.98
885,-89.0,-164.25
886,-168.0,-163.93
887,-185.0,-163.96
888,-129.0,-164.18
889,-184.0,-165.07
890,-161.0,-164.68
891,-88.0,-164.05
892,-200.0,-164.05
893,-152.0,-163.57
894,-136.0,-162.93
895,-112.0,-162.5
896,-200.0,-162.5
897,-158.0,-162.12
898,-181.0,-162.05
899,-159.0,-161.84
900,-171.0,-161.91
901,-147.0,-161.38
902,-110.0,-160.53
903,-152.0,-160.22
904,-120.0,-159.87
905,-109.0,-158.96
906,-84.0,-157.8
907,-84.0,-157.2
908,-148.0,-156.68
909,-161.0,-157.39
910,-165.0,-157.64
911,-109.0,-157.87
912,-175.0,-157.8
913,-118.0,-157.48
914,-156.0,-157.04
915,-200.0,-157.04
916,-105.0,-156.86
917,-200.0,-156.86
918,-158.0,-156.44
919,-111.0,-155.55
920,-113.0,-154.68
921,-134.0,-154.57
922,-164.0,-154.82
923,-118.0,-154.44
924,-139.0,-154.7
925,-104.0,-154.21
926,-149.0,-153.93
927,-159.0,-153.52
928,-107.0,-152.77
929,-108.0,-153.0
930,-176.0,-153.46
931,-111.0,-152.57
932,-116.0,-152.71
933,-122.0,-151.93
934,-139.0,-151.43
935,-85.0,-150.71
936,-103.0,-149.9
937,-200.0,-149.9
938,-104.0,-148.94
939,-111.0,-148.35
940,-88.0,-147.23
941,-116.0,-147.44
942,-134.0,-146.78
943,-116.0,-145.94
944,-167.0,-145.61
945,-154.0,-145.59
946,-109.0,-145.1
947,-93.0,-144.28
948,-170.0,-144.61
949,-200.0,-144.61
950,-171.0,-145.45
951,-200.0,-146.56
952,-169.0,-146.25
953,-120.0,-145.45
954,-172.0,-146.27
955,-143.0,-145.7
956,-200.0,-146.57
957,-86.0,-145.74
958,-160.0,-145.34
959,-88.0,-144.22
960,-172.0,-144.25
961,-141.0,-144.45
962,-106.0,-144.31
963,-147.0,-144.72
964,-106.0,-143.78
965,-200.0,-143.78
966,-131.0,-143.65
967,-88.0,-142.53
968,-114.0,-142.28
969,-105.0,-141.33
970,-185.0,-141.18
971,-149.0,-141.03
972,-113.0,-141.11
973,-122.0,-141.23
974,-96.0,-140.55
975,-118.0,-140.01
976,-124.0,-140.12
977,-144.0,-139.71
978,-146.0,-139.42
979,-174.0,-139.8
980,-149.0,-139.57
981,-106.0,-139.58
982,-146.0,-139.85
983,-200.0,-139.85
984,-200.0,-139.85
985,-112.0,-140.08
986,-140.0,-139.8
987,-152.0,-139.47
988,-131.0,-139.49
989,-119.0,-138.84
990,-151.0,-138.74
991,-148.0,-139.34
992,-145.0,-138.79
993,-181.0,-139.08
994,-143.0,-139.15
995,-187.0,-139.9
996,-194.0,-139.84
997,-125.0,-139.51
998,-161.0,-139.31
999,-175.0,-139.47
1000,-108.0,-138.84
1001,-94.0,-138.31
1002,-97.0,-138.18
1003,-107.0,-137.73
1004,-122.0,-137.75
1005,-176.0,-138.42
1006,-172.0,-139.3
1007,-200.0,-140.46
1008,-151.0,-140.49
1009,-167.0,-140.55
1010,-84.0,-139.74
1011,-87.0,-139.52
1012,-108.0,-138.85
1013,-114.0,-138.81
1014,-122.0,-138.47
1015,-116.0,-137.63
1016,-146.0,-138.04
1017,-139.0,-137.43
1018,-172.0,-137.57
1019,-84.0,-137.3
1020,-84.0,-137.01
1021,-200.0,-137.67
1022,-90.0,-136.93
1023,-154.0,-137.29
1024,-157.0,-137.47
1025,-91.0,-137.34
1026,-194.0,-137.79
1027,-133.0,-137.53
1028,-174.0,-138.2
1029,-136.0,-138.48
1030,-175.0,-138.47
1031,-119.0,-138.55
1032,-93.0,-138.32
1033,-173.0,-138.83
1034,-86.0,-138.3
1035,-149.0,-138.94
1036,-190.0,-139.81
1037,-103.0,-138.84
1038,-138.0,-139.18
1039,-161.0,-139.68
1040,-98.0,-139.78
1041,-114.0,-139.76
1042,-194.0,-140.36
1043,-150.0,-140.7
1044,-135.0,-140.38
1045,-197.0,-140.81
1046,-146.0,-141.18
1047,-200.0,-142.25
1048,-129.0,-141.84
1049,-114.0,-140.98
1050,-84.0,-140.11
1051,-144.0,-139.55
1052,-108.0,-138.94
1053,-144.0,-139.18
1054,-120.0,-138.66
1055,-118.0,-138.41
1056,-140.0,-137.81
1057,-162.0,-138.57
1058,-200.0,-138.97
1059,-123.0,-139.32
1060,-200.0,-139.6
1061,-155.0,-139.74
1062,-200.0,-140.68
1063,-150.0,-140.71
1064,-121.0,-140.86
1065,-99.0,-139.85
1066,-117.0,-139.71
1067,-200.0,-140.83
1068,-118.0,-140.87
1069,-105.0,-140.87
1070,-93.0,-139.95
1071,-160.0,-140.06
1072,-92.0,-139.85
1073,-138.0,-140.01
1074,-166.0,-140.71
1075,-110.0,-140.63
1076,-116.0,-140.55
1077,-144.0,-140.55
1078,-186.0,-140.95
1079,-189.0,-141.1
1080,-181.0,-141.42
1081,-111.0,-141.47
1082,-96.0,-140.97
1083,-108.0,-140.05
1084,-106.0,-139.11
1085,-96.0,-138.95
1086,-200.0,-139.55
1087,-92.0,-138.95
1088,-200.0,-139.64
1089,-111.0,-139.56
1090,-191.0,-139.96
1091,-110.0,-139.58
1092,-192.0,-140.05
1093,-89.0,-139.13
1094,-152.0,-139.22
1095,-179.0,-139.14
1096,-105.0,-138.25
1097,-103.0,-138.03
1098,-105.0,-137.47
1099,-170.0,-137.42
1100,-116.0,-137.5
1101,-105.0,-137.61
1102,-104.0,-137.68
1103,-115.0,-137.76
1104,-172.0,-138.26
1105,-200.0,-138.5
1106,-200.0,-138.78
1107,-92.0,-137.7
1108,-106.0,-137.25
1109,-159.0,-137.17
1110,-99.0,-137.32
1111,-200.0,-138.45
1112,-200.0,-139.37
1113,-109.0,-139.32
1114,-115.0,-139.25
1115,-87.0,-138.96
1116,-85.0,-138.35
1117,-200.0,-138.96
1118,-87.0,-138.11
1119,-115.0,-138.42
1120,-199.0,-139.57
1121,-107.0,-138.64
1122,-95.0,-138.69
1123,-101.0,-138.16
1124,-107.0,-137.66
1125,-116.0,-137.91
1126,-105.0,-137.02
1127,-105.0,-136.74
1128,-177.0,-136.77
1129,-91.0,-136.32
1130,-180.0,-136.37
1131,-109.0,-136.27
1132,-200.0,-137.34
1133,-103.0,-136.64
1134,-105.0,-136.83
1135,-105.0,-136.39
1136,-123.0,-135.72
1137,-187.0,-136.56
1138,-99.0,-136.17
1139,-90.0,-135.46
1140,-143.0,-135.91
1141,-200.0,-136.77
1142,-107.0,-135.9
1143,-106.0,-135.46
1144,-104.0,-135.15
1145,-107.0,-134.25
1146,-179.0,-134.58
1147,-126.0,-133.84
1148,-109.0,-133.64
1149,-195.0,-134.45
1150,-112.0,-134.73
1151,-104.0,-134.33
1152,-104.0,-134.29
1153,-200.0,-134.85
1154,-105.0,-134.7
1155,-200.0,-135.52
1156,-111.0,-135.23
1157,-87.0,-134.48
1158,-86.0,-133.34
1159,-118.0,-133.29
1160,-104.0,-132.33
1161,-180.0,-132.58
1162,-180.0,-132.38
1163,-100.0,-131.88
1164,-98.0,-131.65
1165,-136.0,-132.02
1166,-96.0,-131.81
1167,-94.0,-130.75
1168,-161.0,-131.18
1169,-104.0,-131.17
1170,-120.0,-131.44
1171,-135.0,-131.19
1172,-111.0,-131.38
1173,-106.0,-131.06
1174,-177.0,-131.17
1175,-116.0,-131.23
1176,-109.0,-131.16
1177,-200.0,-131.72
1178,-121.0,-131.07
1179,-105.0,-130.23
1180,-176.0,-130.18
1181,-168.0,-130.75
1182,-112.0,-130.91
1183,-107.0,-130.9
1184,-141.0,-131.25
1185,-175.0,-132.04
1186,-115.0,-131.19
1187,-200.0,-132.27
1188,-117.0,-131.44
1189,-158.0,-131.91
1190,-107.0,-131.07
1191,-115.0,-131.12
1192,-137.0,-130.57
1193,-106.0,-130.74
1194,-193.0,-131.15
1195,-200.0,-131.36
1196,-112.0,-131.43
1197,-110.0,-131.5
1198,-99.0,-131.44
1199,-134.0,-131.08
1200,-196.0,-131.88
1201,-111.0,-131.94
1202,-121.0,-132.11
1203,-113.0,-132.09
1204,-108.0,-131.45
1205,-108.0,-130.53
1206,-172.0,-130.25
1207,-113.0,-130.46
1208,-101.0,-130.41
1209,-108.0,-129.9
1210,-182.0,-130.73
1211,-114.0,-129.87
1212,-115.0,-129.02
1213,-112.0,-129.05
1214,-150.0,-129.4
1215,-137.0,-129.9
1216,-110.0,-130.15
1217,-116.0,-129.31
1218,-200.0,-130.44
1219,-109.0,-130.38
1220,-109.0,-129.48
1221,-120.0,-129.61
1222,-108.0,-129.74
1223,-186.0,-130.59
1224,-113.0,-130.65
1225,-112.0,-130.61
1226,-156.0,-131.12
1227,-119.0,-131.26
1228,-123.0,-130.72
1229,-109.0,-130.9
1230,-108.0,-130.18
1231,-131.0,-130.4
1232,-109.0,-129.49
1233,-200.0,-130.46
1234,-200.0,-131.41
1235,-111.0,-131.47
1236,-112.0,-131.36
1237,-187.0,-131.36
1238,-104.0,-131.41
1239,-106.0,-131.57
1240,-110.0,-131.24
1241,-120.0,-130.44
1242,-171.0,-131.08
1243,-108.0,-131.1
1244,-114.0,-131.2
1245,-115.0,-131.28
1246,-109.0,-130.58
1247,-180.0,-131.12
1248,-122.0,-131.25
1249,-116.0,-130.46
1250,-200.0,-131.34
1251,-112.0,-131.42
1252,-110.0,-131.48
1253,-106.0,-130.54
1254,-109.0,-130.58
1255,-106.0,-129.64
1256,-100.0,-129.53
1257,-106.0,-129.72
1258,-106.0,-129.92
1259,-200.0,-130.74
1260,-108.0,-130.78
1261,-124.0,-130.22
1262,-112.0,-129.54
1263,-112.0,-129.66
1264,-194.0,-130.62
1265,-106.0,-130.32
1266,-187.0,-131.23
1267,-110.0,-131.39
1268,-124.0,-131.02
1269,-106.0,-131.04
1270,-115.0,-130.99
1271,-108.0,-130.72
1272,-106.0,-130.67
1273,-166.0,-131.27
1274,-117.0,-130.67
1275,-106.0,-130.57
1276,-108.0,-130.56
1277,-113.0,-129.69
1278,-195.0,-130.43
1279,-106.0,-130.44
1280,-183.0,-130.51
1281,-200.0,-130.83
1282,-104.0,-130.75
1283,-176.0,-131.44
1284,-104.0,-131.07
1285,-104.0,-130.36
1286,-113.0,-130.34
1287,-117.0,-129.51
1288,-105.0,-129.39
1289,-108.0,-128.89
1290,-103.0,-128.85
1291,-108.0,-128.78
1292,-195.0,-129.36
1293,-105.0,-129.35
1294,-107.0,-128.49
1295,-160.0,-128.09
1296,-175.0,-128.72
1297,-107.0,-128.69
1298,-98.0,-128.68
1299,-106.0,-128.4
1300,-105.0,-127.49
1301,-106.0,-127.44
1302,-105.0,-127.28
1303,-173.0,-127.88
1304,-105.0,-127.85
1305,-157.0,-128.34
1306,-115.0,-127.77
1307,-108.0,-127.72
1308,-170.0,-128.41
1309,-179.0,-129.12
1310,-101.0,-128.31
1311,-102.0,-128.19
1312,-121.0,-128.25
1313,-138.0,-128.51
1314,-118.0,-128.19
1315,-100.0,-127.82
1316,-170.0,-128.42
1317,-170.0,-128.96
1318,-184.0,-128.8
1319,-147.0,-129.18
1320,-104.0,-129.13
1321,-181.0,-129.74
1322,-105.0,-129.71
1323,-178.0,-129.63
1324,-137.0,-129.87
1325,-186.0,-130.61
1326,-178.0,-130.83
1327,-200.0,-131.64
1328,-104.0,-131.45
1329,-116.0,-131.52
1330,-200.0,-132.44
1331,-102.0,-132.15
1332,-104.0,-132.1
1333,-105.0,-131.15
1334,-105.0,-130.2
1335,-185.0,-130.94
1336,-104.0,-130.86
1337,-103.0,-130.02
1338,-162.0,-130.6
1339,-194.0,-131.48
1340,-200.0,-132.38
1341,-108.0,-132.26
1342,-161.0,-132.16
1343,-168.0,-132.76
1344,-104.0,-132.66
1345,-200.0,-133.51
1346,-102.0,-133.44
1347,-156.0,-133.2
1348,-138.0,-133.36
1349,-193.0,-134.13
1350,-105.0,-133.18
1351,-101.0,-133.07
1352,-200.0,-133.97
1353,-105.0,-133.96
1354,-104.0,-133.91
1355,-200.0,-134.85
1356,-115.0,-135.0
1357,-104.0,-134.98
1358,-103.0,-134.95
1359,-106.0,-134.01
1360,-110.0,-134.03
1361,-103.0,-133.82
1362,-114.0,-133.84
1363,-102.0,-133.74
1364,-170.0,-133.5
1365,-109.0,-133.53
1366,-102.0,-132.68
1367,-106.0,-132.64
1368,-114.0,-132.54
1369,-108.0,-132.56
1370,-200.0,-133.41
1371,-116.0,-133.49
1372,-200.0,-134.43
1373,-119.0,-133.96
1374,-102.0,-133.81
1375,-187.0,-134.62
1376,-200.0,-135.54
1377,-105.0,-135.46
1378,-102.0,-134.53
1379,-100.0,-134.47
1380,-103.0,-133.67
1381,-200.0,-133.67
1382,-159.0,-134.22
1383,-173.0,-134.19
1384,-116.0,-134.31
1385,-103.0,-134.3
1386,-122.0,-134.39
1387,-111.0,-134.33
1388,-196.0,-135.24
1389,-121.0,-135.37
1390,-102.0,-135.36
1391,-109.0,-135.37
1392,-194.0,-135.36
1393,-162.0,-135.93
1394,-140.0,-136.26
1395,-136.0,-136.02
1396,-187.0,-136.14
1397,-101.0,-136.08
1398,-101.0,-136.11
1399,-108.0,-136.13
1400,-157.0,-136.65
1401,-118.0,-136.77
1402,-190.0,-137.62
1403,-102.0,-136.91
1404,-149.0,-137.35
1405,-107.0,-136.85
1406,-178.0,-137.48
1407,-106.0,-137.46
1408,-167.0,-137.43
1409,-110.0,-136.74
1410,-105.0,-136.78
1411,-105.0,-136.81
1412,-105.0,-136.65
1413,-122.0,-136.49
1414,-149.0,-136.8
1415,-105.0,-136.85
1416,-106.0,-136.21
1417,-106.0,-135.57
1418,-104.0,-134.77
1419,-106.0,-134.36
1420,-106.0,-134.38
1421,-113.0,-133.7
1422,-113.0,-133.78
1423,-176.0,-133.76
1424,-118.0,-133.57
1425,-83.0,-132.54
1426,-105.0,-131.81
1427,-140.0,-131.21
1428,-105.0,-131.22
1429,-102.0,-131.08
1430,-114.0,-130.22
1431,-106.0,-130.26
1432,-128.0,-130.5
1433,-83.0,-130.28
1434,-100.0,-130.23
1435,-105.0,-129.43
1436,-198.0,-130.37
1437,-121.0,-130.55
1438,-119.0,-130.12
1439,-86.0,-129.04
1440,-84.0,-127.88
1441,-83.0,-127.63
1442,-200.0,-128.02
1443,-105.0,-127.39
1444,-87.0,-127.22
1445,-108.0,-126.3
1446,-84.0,-126.12
1447,-104.0,-125.6
1448,-102.0,-125.24
1449,-86.0,-124.17
1450,-104.0,-124.16
1451,-105.0,-124.2
1452,-115.0,-123.35
1453,-112.0,-123.42
1454,-140.0,-123.78
1455,-105.0,-122.83
1456,-143.0,-123.11
1457,-103.0,-123.1
1458,-150.0,-123.57
1459,-85.0,-123.36
1460,-183.0,-124.09
1461,-200.0,-125.06
1462,-173.0,-125.65
1463,-100.0,-125.63
1464,-103.0,-124.96
1465,-124.0,-125.11
1466,-200.0,-126.09
1467,-95.0,-125.98
1468,-113.0,-125.97
1469,-104.0,-125.93
1470,-104.0,-124.97
1471,-108.0,-124.89
1472,-104.0,-123.93
1473,-102.0,-123.76
1474,-139.0,-124.13
1475,-103.0,-123.29
1476,-117.0,-122.46
1477,-167.0,-123.08
1478,-112.0,-123.18
1479,-196.0,-124.14
1480,-200.0,-125.11
1481,-90.0,-124.01
1482,-125.0,-123.67
1483,-116.0,-123.1
1484,-200.0,-123.94
1485,-103.0,-123.94
1486,-116.0,-123.88
1487,-114.0,-123.91
1488,-190.0,-123.85
1489,-118.0,-123.82
1490,-117.0,-123.97
1491,-112.0,-124.0
1492,-142.0,-123.48
1493,-119.0,-123.05
1494,-112.0,-122.77
1495,-111.0,-122.52
1496,-113.0,-121.78
1497,-200.0,-122.77
1498,-105.0,-122.81
1499,-92.0,-122.65
1500,-118.0,-122.26
1501,-116.0,-122.24
1502,-115.0,-121.49
1503,-113.0,-121.6
1504,-195.0,-122.06
1505,-113.0,-122.12
1506,-98.0,-121.32
1507,-172.0,-121.98
1508,-145.0,-121.76
1509,-109.0,-121.75
1510,-85.0,-121.55
1511,-112.0,-121.62
1512,-195.0,-122.52
1513,-148.0,-122.78
1514,-85.0,-122.14
1515,-83.0,-121.92
1516,-84.0,-121.7
1517,-107.0,-121.71
1518,-122.0,-121.89
1519,-109.0,-121.92
1520,-172.0,-122.58
1521,-99.0,-122.44
1522,-200.0,-123.31
1523,-168.0,-123.23
1524,-200.0,-124.05
1525,-86.0,-124.08
1526,-200.0,-125.03
1527,-101.0,-124.64
1528,-116.0,-124.75
1529,-110.0,-124.83
1530,-200.0,-125.69
1531,-200.0,-126.63
1532,-124.0,-126.59
1533,-200.0,-127.76
1534,-127.0,-128.03
1535,-109.0,-128.07
1536,-88.0,-126.97
1537,-113.0,-126.89
1538,-102.0,-126.72
1539,-116.0,-127.02
1540,-85.0,-127.03
1541,-110.0,-127.3
1542,-182.0,-127.12
1543,-91.0,-126.98
1544,-114.0,-127.25
1545,-147.0,-127.64
1546,-107.0,-127.87
1547,-103.0,-127.86
1548,-110.0,-127.94
1549,-109.0,-128.17
1550,-115.0,-128.28
1551,-165.0,-128.88
1552,-83.0,-128.56
1553,-103.0,-128.47
1554,-108.0,-128.15
1555,-100.0,-128.1
1556,-200.0,-128.67
1557,-109.0,-128.73
1558,-102.0,-128.25
1559,-115.0,-128.55
1560,-89.0,-127.61
1561,-85.0,-126.46
1562,-85.0,-125.58
1563,-200.0,-126.58
1564,-172.0,-127.27
1565,-107.0,-127.1
1566,-124.0,-126.34
1567,-121.0,-126.6
1568,-83.0,-126.3
1569,-200.0,-127.26
1570,-182.0,-128.04
1571,-178.0,-128.74
1572,-107.0,-128.77
1573,-114.0,-128.89
1574,-194.0,-129.44
1575,-118.0,-129.59
1576,-108.0,-129.5
1577,-101.0,-128.84
1578,-108.0,-128.8
1579,-105.0,-127.89
1580,-130.0,-127.19
1581,-110.0,-127.39
1582,-111.0,-127.25
1583,-117.0,-127.26
1584,-200.0,-127.26
1585,-105.0,-127.28
1586,-88.0,-127.0
1587,-151.0,-127.37
1588,-123.0,-126.7
1589,-84.0,-126.36
1590,-107.0,-126.26
1591,-89.0,-126.03
1592,-105.0,-125.66
1593,-112.0,-125.59
1594,-200.0,-126.47
1595,-200.0,-127.36
1596,-87.0,-127.1
1597,-105.0,-126.15
1598,-97.0,-126.07
1599,-104.0,-126.19
1600,-177.0,-126.78
1601,-187.0,-127.49
1602,-111.0,-127.45
1603,-200.0,-128.32
1604,-88.0,-127.25
1605,-110.0,-127.22
1606,-173.0,-127.97
1607,-176.0,-128.01
1608,-90.0,-127.46
1609,-111.0,-127.48
1610,-105.0,-127.68
1611,-87.0,-127.43
1612,-124.0,-126.72
1613,-104.0,-126.28
1614,-103.0,-126.46
1615,-126.0,-126.89
1616,-185.0,-127.9
1617,-83.0,-127.66
1618,-167.0,-128.11
1619,-106.0,-128.08
1620,-156.0,-127.92
1621,-170.0,-128.63
1622,-192.0,-128.55
1623,-115.0,-128.02
1624,-98.0,-127.0
1625,-187.0,-128.01
1626,-106.0,-127.07
1627,-129.0,-127.35
1628,-112.0,-127.31
1629,-105.0,-127.26
1630,-200.0,-127.26
1631,-186.0,-127.12
1632,-113.0,-127.01
1633,-97.0,-125.98
1634,-108.0,-125.79
1635,-102.0,-125.72
1636,-108.0,-125.92
1637,-106.0,-125.85
1638,-183.0,-126.66
1639,-104.0,-126.54
1640,-122.0,-126.91
1641,-200.0,-127.81
1642,-101.0,-127.0
1643,-87.0,-126.96
1644,-105.0,-126.87
1645,-99.0,-126.39
1646,-180.0,-127.12
1647,-120.0,-127.29
1648,-97.0,-127.16
1649,-97.0,-127.04
1650,-200.0,-127.89
1651,-111.0,-127.35
1652,-106.0,-127.58
1653,-169.0,-128.24
1654,-97.0,-128.13
1655,-88.0,-128.01
1656,-106.0,-127.07
1657,-112.0,-127.1
1658,-143.0,-127.51
1659,-102.0,-127.38
1660,-150.0,-127.99
1661,-163.0,-128.77
1662,-83.0,-128.75
1663,-110.0,-127.85
1664,-88.0,-127.01
1665,-105.0,-126.99
1666,-161.0,-127.36
1667,-200.0,-128.15
1668,-200.0,-129.32
1669,-91.0,-128.23
1670,-200.0,-128.41
1671,-110.0,-127.73
1672,-200.0,-128.66
1673,-90.0,-128.42
1674,-112.0,-127.6
1675,-196.0,-128.38
1676,-106.0,-128.36
1677,-167.0,-129.02
1678,-98.0,-128.92
1679,-118.0,-129.05
1680,-153.0,-129.28
1681,-200.0,-130.18
1682,-144.0,-130.51
1683,-174.0,-131.08
1684,-126.0,-130.34
1685,-180.0,-131.09
1686,-200.0,-132.21
1687,-87.0,-131.57
1688,-182.0,-132.16
1689,-178.0,-133.1
1690,-200.0,-134.03
1691,-120.0,-134.34
1692,-85.0,-134.14
1693,-104.0,-134.06
1694,-103.0,-133.09
1695,-150.0,-132.59
1696,-108.0,-132.8
1697,-115.0,-132.9
1698,-118.0,-133.11
1699,-107.0,-133.14
1700,-112.0,-132.49
1701,-115.0,-131.77
1702,-109.0,-131.75
1703,-176.0,-131.51
1704,-152.0,-132.15
1705,-154.0,-132.59
1706,-91.0,-131.77
1707,-123.0,-131.24
1708,-122.0,-131.56
1709,-162.0,-132.07
1710,-127.0,-132.29
1711,-183.0,-133.25
1712,-109.0,-133.1
1713,-173.0,-133.79
1714,-118.0,-133.94
1715,-117.0,-133.85
1716,-177.0,-133.77
1717,-170.0,-134.64
1718,-102.0,-133.99
1719,-200.0,-134.93
1720,-121.0,-134.58
1721,-200.0,-134.88
1722,-128.0,-134.24
1723,-113.0,-134.22
1724,-110.0,-134.34
1725,-86.0,-133.33
1726,-111.0,-133.38
1727,-101.0,-133.1
1728,-111.0,-133.09
1729,-127.0,-133.31
1730,-123.0,-132.54
1731,-146.0,-132.14
1732,-135.0,-132.36
1733,-166.0,-133.05
1734,-120.0,-133.17
1735,-94.0,-133.09
1736,-92.0,-132.93
1737,-168.0,-133.55
1738,-197.0,-133.69
1739,-92.0,-133.57
1740,-182.0,-134.17
1741,-122.0,-133.39
1742,-109.0,-133.47
1743,-113.0,-133.73
1744,-101.0,-133.69
1745,-168.0,-134.38
1746,-159.0,-134.17
1747,-114.0,-134.11
1748,-133.0,-134.47
1749,-95.0,-134.45
1750,-191.0,-134.36
1751,-87.0,-134.12
1752,-110.0,-134.16
1753,-102.0,-133.49
1754,-180.0,-134.32
1755,-105.0,-134.49
1756,-118.0,-134.61
1757,-97.0,-134.46
1758,-148.0,-134.51
1759,-84.0,-134.33
1760,-120.0,-134.03
1761,-175.0,-134.15
1762,-129.0,-134.61
1763,-142.0,-134.93
1764,-111.0,-135.16
1765,-100.0,-135.11
1766,-120.0,-134.7
1767,-189.0,-134.59
1768,-105.0,-133.64
1769,-143.0,-134.16
1770,-138.0,-133.54
1771,-132.0,-133.76
1772,-174.0,-133.5
1773,-158.0,-134.18
1774,-126.0,-134.32
1775,-108.0,-133.44
1776,-181.0,-134.19
1777,-191.0,-134.43
1778,-130.0,-134.75
1779,-175.0,-135.32
1780,-86.0,-134.65
1781,-184.0,-134.49
1782,-141.0,-134.46
1783,-115.0,-133.87
1784,-104.0,-133.65
1785,-130.0,-133.15
1786,-105.0,-132.2
1787,-107.0,-132.4
1788,-112.0,-131.7
1789,-144.0,-131.36
1790,-104.0,-130.4
1791,-108.0,-130.28
1792,-200.0,-131.43
1793,-108.0,-131.47
1794,-178.0,-132.22
1795,-106.0,-131.78
1796,-166.0,-132.36
1797,-124.0,-132.45
1798,-200.0,-133.27
1799,-190.0,-134.1
1800,-97.0,-133.95
1801,-127.0,-134.07
1802,-105.0,-134.03
1803,-112.0,-133.39
1804,-167.0,-133.54
1805,-84.0,-132.84
1806,-107.0,-133.0
1807,-178.0,-133.55
1808,-114.0,-133.47
1809,-143.0,-133.28
1810,-106.0,-133.07
1811,-186.0,-133.1
1812,-164.0,-133.65
1813,-199.0,-133.91
1814,-84.0,-133.57
1815,-124.0,-133.64
1816,-200.0,-133.87
1817,-108.0,-133.25
1818,-126.0,-133.49
1819,-200.0,-133.49
1820,-121.0,-133.49
1821,-114.0,-132.63
1822,-88.0,-132.23
1823,-163.0,-132.73
1824,-183.0,-133.46
1825,-171.0,-134.31
1826,-200.0,-135.2
1827,-199.0,-136.18
1828,-112.0,-136.19
1829,-117.0,-136.09
1830,-117.0,-136.03
1831,-153.0,-136.1
1832,-113.0,-135.88
1833,-144.0,-135.66
1834,-105.0,-135.51
1835,-159.0,-136.16
1836,-106.0,-136.3
1837,-104.0,-135.66
1838,-102.0,-134.71
1839,-103.0,-134.82
1840,-105.0,-134.05
1841,-117.0,-134.0
1842,-141.0,-134.32
1843,-84.0,-134.03
1844,-90.0,-133.92
1845,-105.0,-133.29
1846,-105.0,-132.75
1847,-119.0,-132.8
1848,-138.0,-132.85
1849,-85.0,-132.75
1850,-200.0,-132.84
1851,-103.0,-133.0
1852,-182.0,-133.72
1853,-200.0,-134.7
1854,-147.0,-134.37
1855,-96.0,-134.28
1856,-85.0,-133.95
1857,-94.0,-133.92
1858,-108.0,-133.52
1859,-95.0,-133.63
1860,-175.0,-134.18
1861,-89.0,-133.32
1862,-140.0,-133.43
1863,-142.0,-133.43
1864,-140.0,-133.72
1865,-187.0,-134.59
1866,-200.0,-135.39
1867,-98.0,-134.48
1868,-197.0,-135.4
1869,-169.0,-135.66
1870,-200.0,-136.28
1871,-138.0,-136.34
1872,-152.0,-136.12
1873,-200.0,-136.54
1874,-200.0,-137.28
1875,-175.0,-137.95
1876,-200.0,-138.14
1877,-98.0,-137.21
1878,-200.0,-137.91
1879,-200.0,-138.16
1880,-141.0,-138.71
1881,-171.0,-138.58
1882,-200.0,-139.17
1883,-200.0,-140.02
1884,-85.0,-139.83
1885,-91.0,-139.44
1886,-200.0,-140.39
1887,-156.0,-140.88
1888,-200.0,-141.76
1889,-121.0,-141.53
1890,-99.0,-141.48
1891,-145.0,-141.85
1892,-200.0,-141.85
1893,-200.0,-142.77
1894,-95.0,-141.94
1895,-200.0,-142.88
1896,-200.0,-143.22
1897,-177.0,-143.75
1898,-200.0,-143.75
1899,-200.0,-143.85
1900,-87.0,-143.75
1901,-200.0,-144.48
1902,-134.0,-144.77
1903,-179.0,-145.44
1904,-89.0,-144.66
1905,-154.0,-145.36
1906,-200.0,-146.29
1907,-89.0,-145.4
1908,-88.0,-145.14
1909,-109.0,-144.8
1910,-165.0,-145.39
1911,-101.0,-144.54
1912,-171.0,-144.61
1913,-174.0,-144.36
1914,-114.0,-144.66
1915,-182.0,-145.24
1916,-89.0,-144.13
1917,-167.0,-144.72
1918,-200.0,-145.46
1919,-169.0,-145.15
1920,-158.0,-145.52
1921,-86.0,-145.24
1922,-200.0,-146.36
1923,-114.0,-145.87
1924,-86.0,-144.9
1925,-87.0,-144.06
1926,-86.0,-142.92
1927,-152.0,-142.45
1928,-174.0,-143.07
1929,-132.0,-143.22
1930,-136.0,-143.41
1931,-133.0,-143.21
1932,-170.0,-143.78
1933,-136.0,-143.7
1934,-109.0,-143.74
1935,-140.0,-143.55
1936,-89.0,-143.38
1937,-91.0,-143.25
1938,-97.0,-143.2
1939,-200.0,-144.17
1940,-176.0,-144.88
1941,-151.0,-145.22
1942,-138.0,-145.19
1943,-97.0,-145.32
1944,-143.0,-145.85
1945,-114.0,-145.94
1946,-143.0,-146.32
1947,-106.0,-146.19
1948,-124.0,-146.05
1949,-151.0,-146.71
1950,-169.0,-146.4
1951,-83.0,-146.2
1952,-155.0,-145.93
1953,-172.0,-145.65
1954,-91.0,-145.09
1955,-165.0,-145.78
1956,-200.0,-146.93
1957,-200.0,-147.99
1958,-141.0,-148.32
1959,-163.0,-149.0
1960,-114.0,-148.39
1961,-179.0,-149.29
1962,-110.0,-148.99
1963,-119.0,-148.76
1964,-125.0,-148.61
1965,-187.0,-148.61
1966,-200.0,-148.61
1967,-200.0,-149.63
1968,-200.0,-149.66
1969,-199.0,-149.96
1970,-100.0,-148.96
1971,-191.0,-149.49
1972,-116.0,-149.13
1973,-105.0,-148.18
1974,-184.0,-148.02
1975,-109.0,-147.36
1976,-117.0,-146.53
1977,-183.0,-147.38
1978,-114.0,-146.52
1979,-89.0,-145.41
1980,-180.0,-145.8
1981,-108.0,-145.17
1982,-112.0,-144.29
1983,-158.0,-143.87
1984,-104.0,-144.06
1985,-106.0,-144.21
1986,-200.0,-144.21
1987,-88.0,-143.53
1988,-191.0,-143.44
1989,-103.0,-143.26
1990,-114.0,-143.41
1991,-187.0,-143.83
1992,-200.0,-143.83
1993,-200.0,-143.83
1994,-126.0,-144.14
1995,-108.0,-143.22
1996,-107.0,-142.29
1997,-94.0,-141.46
1998,-161.0,-141.07
1999,-84.0,-139.91
2000,-193.0,-140.97
2001,-85.0,-139.82
2002,-109.0,-139.57
2003,-177.0,-139.55
2004,-143.0,-140.09
2005,-107.0,-139.62
2006,-200.0,-139.62
2007,-103.0,-139.76
2008,-200.0,-140.88
2009,-132.0,-141.11
2010,-128.0,-140.74
2011,-169.0,-141.42
2012,-160.0,-141.31
2013,-200.0,-141.57
2014,-169.0,-142.12
2015,-157.0,-141.87
2016,-190.0,-142.88
2017,-200.0,-143.21
2018,-131.0,-142.52
2019,-111.0,-141.94
2020,-178.0,-142.14
2021,-127.0,-142.55
2022,-200.0,-142.55
2023,-127.0,-142.68
2024,-121.0,-143.03
2025,-139.0,-143.55
2026,-151.0,-144.2
2027,-131.0,-143.99
2028,-114.0,-143.39
2029,-133.0,-143.4
2030,-118.0,-143.22
2031,-191.0,-143.8
2032,-125.0,-143.35
2033,-142.0,-143.41
2034,-200.0,-144.32
2035,-165.0,-144.57
2036,-109.0,-144.77
2037,-113.0,-144.99
2038,-188.0,-145.9
2039,-138.0,-145.28
2040,-200.0,-145.52
2041,-156.0,-145.57
2042,-146.0,-145.65
2043,-130.0,-145.98
2044,-120.0,-145.75
2045,-131.0,-145.92
2046,-171.0,-146.2
2047,-141.0,-146.55
2048,-123.0,-146.54
2049,-159.0,-146.62
2050,-105.0,-145.98
2051,-103.0,-146.18
2052,-106.0,-145.69
2053,-102.0,-144.99
2054,-127.0,-145.35
2055,-115.0,-144.85
2056,-200.0,-144.85
2057,-200.0,-144.85
2058,-167.0,-145.11
2059,-106.0,-144.54
2060,-115.0,-144.55
2061,-129.0,-144.05
2062,-115.0,-144.1
2063,-106.0,-143.97
2064,-117.0,-143.89
2065,-127.0,-143.29
2066,-97.0,-142.26
2067,-137.0,-141.63
2068,-127.0,-140.9
2069,-129.0,-140.2
2070,-200.0,-141.2
2071,-109.0,-140.38
2072,-200.0,-141.22
2073,-134.0,-141.51
2074,-200.0,-141.67
2075,-200.0,-142.58
2076,-136.0,-142.77
2077,-129.0,-142.23
2078,-115.0,-142.24
2079,-124.0,-142.59
2080,-129.0,-142.08
2081,-200.0,-143.0
2082,-169.0,-143.57
2083,-99.0,-142.98
2084,-101.0,-142.95
2085,-116.0,-143.05
2086,-200.0,-143.05
2087,-200.0,-144.17
2088,-200.0,-144.26
2089,-189.0,-145.12
2090,-95.0,-144.93
2091,-200.0,-145.06
2092,-84.0,-143.9
2093,-200.0,-143.9
2094,-115.0,-143.79
2095,-127.0,-143.98
2096,-195.0,-144.86
2097,-179.0,-145.71
2098,-98.0,-145.08
2099,-125.0,-145.49
2100,-110.0,-144.66
2101,-200.0,-145.81
2102,-151.0,-146.23
2103,-115.0,-145.61
2104,-120.0,-145.38
2105,-109.0,-145.4
2106,-111.0,-144.51
2107,-122.0,-144.7
2108,-104.0,-143.74
2109,-167.0,-144.09
2110,-112.0,-143.93
2111,-200.0,-144.24
2112,-110.0,-143.74
2113,-155.0,-143.29
2114,-86.0,-142.46
2115,-118.0,-142.07
2116,-112.0,-141.29
2117,-107.0,-140.36
2118,-171.0,-140.76
2119,-111.0,-140.76
2120,-108.0,-140.06
2121,-110.0,-139.89
2122,-106.0,-138.95
2123,-200.0,-139.68
2124,-108.0,-139.55
2125,-91.0,-139.07
2126,-108.0,-138.64
2127,-113.0,-138.46
2128,-123.0,-138.55
2129,-118.0,-138.4
2130,-85.0,-138.07
2131,-84.0,-137.0
2132,-122.0,-136.97
2133,-117.0,-136.72
2134,-106.0,-135.78
2135,-110.0,-135.23
2136,-116.0,-135.3
2137,-114.0,-135.31
2138,-103.0,-134.46
2139,-104.0,-134.12
2140,-200.0,-134.12
2141,-121.0,-133.77
2142,-112.0,-133.43
2143,-101.0,-133.14
2144,-113.0,-133.07
2145,-113.0,-132.89
2146,-111.0,-132.29
2147,-87.0,-131.75
2148,-118.0,-131.7
2149,-200.0,-132.11
2150,-197.0,-133.03
2151,-116.0,-133.16
2152,-121.0,-133.31
2153,-104.0,-133.33
2154,-105.0,-133.11
2155,-109.0,-133.05
2156,-118.0,-132.23
2157,-112.0,-131.35
2158,-177.0,-131.45
2159,-108.0,-131.47
2160,-111.0,-131.43
2161,-197.0,-132.11
2162,-116.0,-132.12
2163,-170.0,-132.76
2164,-113.0,-132.72
2165,-111.0,-132.56
2166,-104.0,-132.63
2167,-109.0,-132.35
2168,-109.0,-132.17
2169,-107.0,-131.95
2170,-103.0,-130.98
2171,-105.0,-130.94
2172,-88.0,-129.82
2173,-112.0,-129.6
2174,-167.0,-129.27
2175,-129.0,-128.56
2176,-195.0,-129.15
2177,-104.0,-128.9
2178,-113.0,-128.88
2179,-106.0,-128.7
2180,-109.0,-128.5
2181,-111.0,-127.61
2182,-200.0,-127.92
2183,-187.0,-128.8
2184,-96.0,-128.75
2185,-86.0,-128.45
2186,-128.0,-127.73
2187,-176.0,-127.49
2188,-111.0,-126.6
2189,-171.0,-126.42
2190,-104.0,-126.51
2191,-104.0,-125.55
2192,-84.0,-125.55
2193,-104.0,-124.59
2194,-84.0,-124.28
2195,-106.0,-124.07
2196,-159.0,-123.71
2197,-172.0,-123.64
2198,-104.0,-123.7
2199,-155.0,-124.0
2200,-180.0,-124.7
2201,-106.0,-123.76
2202,-112.0,-123.37
2203,-113.0,-123.35
2204,-103.0,-123.18
2205,-177.0,-123.86
2206,-148.0,-124.23
2207,-110.0,-124.11
2208,-154.0,-124.61
2209,-103.0,-123.97
2210,-191.0,-124.76
2211,-180.0,-124.56
2212,-102.0,-124.48
2213,-107.0,-124.0
2214,-193.0,-125.07
2215,-85.0,-124.74
2216,-109.0,-124.71
2217,-104.0,-124.68
2218,-113.0,-124.1
2219,-105.0,-124.04
2220,-107.0,-124.03
2221,-104.0,-123.97
2222,-115.0,-124.06
2223,-108.0,-123.14
2224,-107.0,-123.13
2225,-150.0,-123.72
2226,-104.0,-123.68
2227,-102.0,-123.57
2228,-87.0,-123.21
2229,-105.0,-123.08
2230,-105.0,-123.28
2231,-105.0,-123.49
2232,-171.0,-123.98
2233,-86.0,-123.67
2234,-123.0,-123.84
2235,-200.0,-124.74
2236,-83.0,-124.41
2237,-104.0,-124.31
2238,-104.0,-124.32
2239,-103.0,-124.31
2240,-170.0,-124.01
2241,-109.0,-123.89
2242,-111.0,-123.88
2243,-86.0,-123.73
2244,-85.0,-123.45
2245,-117.0,-123.49
2246,-105.0,-123.43
2247,-185.0,-124.41
2248,-103.0,-124.26
2249,-157.0,-123.83
2250,-86.0,-122.72
2251,-196.0,-123.52
2252,-109.0,-123.4
2253,-127.0,-123.63
2254,-103.0,-123.61
2255,-185.0,-124.37
2256,-168.0,-124.87
2257,-175.0,-125.5
2258,-119.0,-124.92
2259,-88.0,-124.72
2260,-106.0,-124.67
2261,-110.0,-123.8
2262,-103.0,-123.67
2263,-166.0,-123.63
2264,-88.0,-123.38
2265,-104.0,-123.31
2266,-152.0,-123.79
2267,-104.0,-123.74
2268,-90.0,-123.55
2269,-84.0,-123.32
2270,-200.0,-124.29
2271,-172.0,-124.96
2272,-116.0,-125.24
2273,-83.0,-124.95
2274,-104.0,-124.32
2275,-104.0,-124.07
2276,-104.0,-123.16
2277,-87.0,-122.99
2278,-89.0,-122.75
2279,-105.0,-122.74
2280,-187.0,-123.52
2281,-200.0,-124.41
2282,-111.0,-123.52
2283,-104.0,-122.69
2284,-176.0,-123.49
2285,-146.0,-124.09
2286,-139.0,-124.2
2287,-178.0,-124.22
2288,-104.0,-124.15
2289,-117.0,-123.61
2290,-162.0,-124.19
2291,-198.0,-125.13
2292,-105.0,-125.34
2293,-156.0,-125.86
2294,-109.0,-126.11
2295,-117.0,-126.22
2296,-110.0,-125.73
2297,-148.0,-125.49
2298,-153.0,-125.98
2299,-176.0,-126.19
2300,-188.0,-126.27
2301,-200.0,-127.21
2302,-104.0,-127.13
2303,-83.0,-126.83
2304,-104.0,-126.84
2305,-122.0,-126.29
2306,-89.0,-125.7
2307,-84.0,-125.44
2308,-200.0,-125.9
2309,-137.0,-126.24
2310,-111.0,-125.44
2311,-97.0,-124.61
2312,-133.0,-124.92
2313,-200.0,-125.85
2314,-184.0,-125.76
2315,-84.0,-125.75
2316,-121.0,-125.87
2317,-126.0,-126.09
2318,-115.0,-126.11
2319,-100.0,-126.06
2320,-200.0,-126.99
2321,-95.0,-126.9
2322,-119.0,-126.94
2323,-200.0,-127.86
2324,-96.0,-127.75
2325,-150.0,-127.75
2326,-108.0,-127.79
2327,-141.0,-128.18
2328,-93.0,-128.24
2329,-132.0,-128.51
2330,-119.0,-128.65
2331,-111.0,-128.71
2332,-114.0,-128.14
2333,-109.0,-128.37
2334,-123.0,-128.37
2335,-138.0,-127.75
2336,-102.0,-127.94
2337,-106.0,-127.96
2338,-122.0,-128.14
2339,-112.0,-128.23
2340,-116.0,-127.69
2341,-123.0,-127.83
2342,-121.0,-127.93
2343,-110.0,-128.17
2344,-108.0,-128.4
2345,-128.0,-128.51
2346,-137.0,-128.83
2347,-180.0,-128.78
2348,-86.0,-128.61
2349,-124.0,-128.28
2350,-111.0,-128.53
2351,-104.0,-127.61
2352,-113.0,-127.65
2353,-172.0,-128.1
2354,-115.0,-128.22
2355,-105.0,-127.42
2356,-111.0,-126.85
2357,-118.0,-126.28
2358,-122.0,-126.31
2359,-105.0,-126.48
2360,-200.0,-127.42
2361,-197.0,-128.29
2362,-104.0,-128.3
2363,-131.0,-127.95
2364,-136.0,-128.43
2365,-130.0,-128.69
2366,-122.0,-128.39
2367,-93.0,-128.28
2368,-190.0,-129.28
2369,-174.0,-130.18
2370,-200.0,-130.18
2371,-112.0,-129.58
2372,-102.0,-129.44
2373,-120.0,-129.81
2374,-113.0,-129.9
2375,-103.0,-129.89
2376,-108.0,-129.93
2377,-103.0,-130.09
2378,-109.0,-130.29
2379,-197.0,-131.21
2380,-106.0,-130.4
2381,-106.0,-129.46
2382,-176.0,-130.11
2383,-200.0,-131.07
2384,-107.0,-130.38
2385,-111.0,-130.03
2386,-114.0,-129.78
2387,-106.0,-129.06
2388,-121.0,-129.23
2389,-109.0,-129.15
2390,-112.0,-128.65
2391,-110.0,-127.77
2392,-108.0,-127.8
2393,-103.0,-127.27
2394,-108.0,-127.26
2395,-138.0,-127.47
2396,-102.0,-127.39
2397,-98.0,-126.89
2398,-95.0,-126.31
2399,-140.0,-125.95
2400,-107.0,-125.14
2401,-115.0,-124.29
2402,-104.0,-124.29
2403,-83.0,-124.29
2404,-101.0,-124.26
2405,-160.0,-124.64
2406,-109.0,-124.84
2407,-85.0,-124.85
2408,-104.0,-123.89
2409,-99.0,-123.51
2410,-200.0,-124.4
2411,-135.0,-124.78
2412,-100.0,-124.45
2413,-200.0,-124.45
2414,-187.0,-124.48
2415,-104.0,-124.68
2416,-104.0,-124.51
2417,-174.0,-124.99
2418,-104.0,-124.88
2419,-124.0,-125.12
2420,-85.0,-123.97
2421,-111.0,-124.13
2422,-200.0,-124.94
2423,-98.0,-123.92
2424,-86.0,-123.82
2425,-184.0,-124.16
2426,-107.0,-124.15
2427,-107.0,-123.81
2428,-105.0,-123.93
2429,-185.0,-124.46
2430,-189.0,-125.16
2431,-112.0,-125.17
2432,-86.0,-124.89
2433,-110.0,-124.9
2434,-165.0,-125.32
2435,-200.0,-125.94
2436,-107.0,-125.99
2437,-110.0,-126.03
2438,-106.0,-125.87
2439,-115.0,-125.9
2440,-105.0,-125.79
2441,-108.0,-125.64
2442,-200.0,-126.43
2443,-129.0,-126.62
2444,-103.0,-126.57
2445,-124.0,-126.53
2446,-200.0,-127.16
2447,-103.0,-126.39
2448,-123.0,-126.76
2449,-109.0,-126.61
2450,-87.0,-126.37
2451,-175.0,-127.08
2452,-182.0,-127.77
2453,-200.0,-128.05
2454,-106.0,-127.96
2455,-116.0,-128.07
2456,-200.0,-128.96
2457,-104.0,-128.82
2458,-88.0,-128.48
2459,-123.0,-128.66
2460,-112.0,-127.78
2461,-113.0,-126.94
2462,-122.0,-127.12
2463,-200.0,-127.81
2464,-87.0,-127.32
2465,-170.0,-127.72
2466,-85.0,-127.35
2467,-127.0,-127.69
2468,-194.0,-127.73
2469,-106.0,-127.05
2470,-104.0,-126.09
2471,-87.0,-125.84
2472,-101.0,-125.83
2473,-89.0,-125.52
2474,-200.0,-126.39
2475,-103.0,-126.39
2476,-103.0,-126.34
2477,-200.0,-127.31
2478,-104.0,-127.26
2479,-112.0,-126.41
2480,-128.0,-126.63
2481,-178.0,-127.35
2482,-138.0,-126.97
2483,-119.0,-126.16
2484,-164.0,-126.73
2485,-180.0,-127.42
2486,-176.0,-128.04
2487,-146.0,-128.44
2488,-104.0,-128.27
2489,-107.0,-128.25
2490,-84.0,-127.97
2491,-187.0,-128.74
2492,-107.0,-128.73
2493,-154.0,-129.24
2494,-85.0,-129.01
2495,-107.0,-128.7
2496,-106.0,-128.74
2497,-104.0,-128.8
2498,-118.0,-129.03
2499,-186.0,-129.49
2500,-115.0,-129.57
